PA,UA,F1
0.8353658536585366,0.6644437708396483,0.7401654566942427
